Label         ,Average            ,1                  ,2                  ,3                  ,4
ALL           ,0.9473515992212036 ,0.9219334288899507 ,0.9611301118033413 ,0.957352245862884  ,0.9489906103286385
B-Article     ,0.9588766072451327 ,0.9816849816849818 ,0.9526627218934912 ,0.9645390070921985 ,0.936619718309859
B-Chapitre    ,0.9270833333333333 ,0.9                ,1.0                ,0.9333333333333333 ,0.875
B-Section     ,0.9855252274607114 ,0.9743589743589743 ,0.967741935483871  ,1.0                ,1.0
B-SousSection ,1.0                ,1.0                ,1.0                ,1.0                ,1.0
B-Titre       ,0.8652728280668409 ,0.7536231884057972 ,0.8852459016393444 ,0.8888888888888888 ,0.9333333333333332
