Label         ,Average            ,1                  ,2                  ,3                  ,4
ALL           ,0.9245773036321192 ,0.9017711644805386 ,0.935895260031519  ,0.9774091216391909 ,0.8832336683772283
B-Article     ,0.9010653747243205 ,0.819277108433735  ,0.8849557522123893 ,0.9616724738675958 ,0.9383561643835616
B-Chapitre    ,0.9037433155080214 ,0.9090909090909091 ,1.0                ,1.0                ,0.7058823529411765
B-Section     ,1.0                ,1.0                ,1.0                ,1.0                ,1.0
B-SousSection ,1.0                ,1.0                ,1.0                ,1.0                ,1.0
B-Titre       ,0.8180778279282539 ,0.7804878048780488 ,0.7945205479452055 ,0.9253731343283582 ,0.7719298245614035
