Label         ,Average            ,1                  ,2                  ,3                  ,4
ALL           ,0.9520281957477538 ,0.9375686274509805 ,0.9604367373153501 ,0.9710559006211181 ,0.9390515176035666
B-Article     ,0.9382343079606829 ,0.9411764705882353 ,0.9132947976878613 ,0.9857142857142858 ,0.9127516778523491
B-Chapitre    ,0.9722222222222222 ,1.0                ,1.0                ,1.0                ,0.888888888888889
B-Section     ,1.0                ,1.0                ,1.0                ,1.0                ,1.0
B-SousSection ,1.0                ,1.0                ,1.0                ,1.0                ,1.0
B-Titre       ,0.849684448555864  ,0.7466666666666667 ,0.888888888888889  ,0.8695652173913043 ,0.8936170212765958
