Label,Average,1,2,3,4
ALL,0.8259895436739421,0.6729051215593237,0.8940800784054973,0.8622340049654792,0.8747389697654683
B,0.9568231575324703,0.9578059071729957,0.9572320999519462,0.9526781071242849,0.9595765158806544
I,0.99701342452287,0.9946842919420615,0.9977354079918181,0.9976602714085167,0.9979737267490836
O,0.5241320489664861,0.0662251655629139,0.7272727272727274,0.6363636363636365,0.6666666666666667
