Label         ,Average            ,1                  ,2                  ,3                  ,4
ALL           ,0.9440796900693809 ,0.9155080213903742 ,0.9478371040723982 ,0.9554050073637702 ,0.9575686274509805
B-Article     ,0.9301526177481303 ,0.9411764705882353 ,0.9176470588235294 ,0.9484536082474228 ,0.9133333333333333
B-Chapitre    ,0.9525668449197862 ,0.9090909090909091 ,0.9600000000000001 ,1.0                ,0.9411764705882353
B-Section     ,1.0                ,1.0                ,1.0                ,1.0                ,1.0
B-SousSection ,1.0                ,1.0                ,1.0                ,1.0                ,1.0
B-Titre       ,0.8376789876789876 ,0.7272727272727273 ,0.8615384615384616 ,0.8285714285714285 ,0.9333333333333332
