Label,Average,1,2,3,4
ALL,0.8251071920958827,0.6683417686484777,0.8877914198162428,0.8517613786760837,0.8925342012427263
B,0.9568734822886467,0.9567053854276665,0.9517439082656475,0.9575249082328264,0.9615197272284461
I,0.9969666671484471,0.9946286453499817,0.9973446368973666,0.9977592277954249,0.9981341585510148
O,0.5214814268505543,0.05369127516778523,0.7142857142857142,0.6,0.717948717948718
