Label         ,Average            ,1                  ,2                  ,3                  ,4
ALL           ,0.9542113565089702 ,0.9415204678362574 ,0.9607988165680472 ,0.9814271749755621 ,0.9330989666560136
B-Article     ,0.9401608875042186 ,0.9444444444444444 ,0.9289940828402367 ,0.967741935483871  ,0.9194630872483222
B-Chapitre    ,0.9722222222222222 ,1.0                ,1.0                ,1.0                ,0.888888888888889
B-Section     ,1.0                ,1.0                ,1.0                ,1.0                ,1.0
B-SousSection ,1.0                ,1.0                ,1.0                ,1.0                ,1.0
B-Titre       ,0.8586736728184097 ,0.7631578947368421 ,0.8749999999999999 ,0.9393939393939393 ,0.8571428571428572
